{
  "Forum-Mulund-Survey-Form-/server.js": 1775459766.4329128,
  "Forum-Mulund-Survey-Form-/vite.config.ts": 1775462078.9865,
  "Forum-Mulund-Survey-Form-/server.ts": 1775463771.004786,
  "Forum-Mulund-Survey-Form-/api/submit.ts": 1775467961.2725558,
  "Forum-Mulund-Survey-Form-/src/App.tsx": 1776752537.992044,
  "Forum-Mulund-Survey-Form-/src/main.tsx": 1775456279.1700037,
  "Forum-Mulund-Survey-Form-/src/vite-env.d.ts": 1775456577.3286238,
  "Forum-Mulund-Survey-Form-/src/components/DesignTwo.tsx": 1775464116.3909502,
  "Forum-Mulund-Survey-Form-/src/components/DesignOne.tsx": 1776755961.3592358,
  "Forum-Mulund-Survey-Form-/src/components/Header.tsx": 1776753825.0393324,
  "Forum-Mulund-Survey-Form-/src/data/survey.ts": 1775456279.169816,
  "Forum-Mulund-Survey-Form-/index.html": 1775457505.2782733,
  "Forum-Mulund-Survey-Form-/README.md": 1775456279.168547,
  "Forum-Mulund-Survey-Form-/Forum Walk Mulund .pdf": 1775456364.3106053,
  "Forum-Mulund-Survey-Form-/Forum Mulund Logo.pdf": 1775456375.4409587,
  "Forum-Mulund-Survey-Form-/download.png": 1775456373.0207963,
  "Forum-Mulund-Survey-Form-/2b93cf5c-f9b5-4ebf-9af4-20a48de6cbcf.jpg": 1775456370.4391496,
  "Forum-Mulund-Survey-Form-/IMG_3430.JPG.jpeg": 1775456367.2895832,
  "Forum-Mulund-Survey-Form-/images.png": 1775456378.5722206,
  "Forum-Mulund-Survey-Form-/public/banner.jpg": 1775456590.4218016,
  "Forum-Mulund-Survey-Form-/src/assets/download.png": 1775456542.0921924,
  "Forum-Mulund-Survey-Form-/src/assets/2b93cf5c-f9b5-4ebf-9af4-20a48de6cbcf.jpg": 1775456542.092844,
  "Forum-Mulund-Survey-Form-/src/assets/IMG_3430.JPG.jpeg": 1775456542.0948143,
  "Forum-Mulund-Survey-Form-/src/assets/images.png": 1775456542.092495
}